,mean_fit_time,std_fit_time,mean_score_time,std_score_time,param_activation,param_alpha,param_early_stopping,param_hidden_layer_sizes,param_learning_rate,param_max_iter,param_random_state,param_solver,params,split0_test_mcc,split1_test_mcc,split2_test_mcc,split3_test_mcc,split4_test_mcc,mean_test_mcc,std_test_mcc,rank_test_mcc,split0_train_mcc,split1_train_mcc,split2_train_mcc,split3_train_mcc,split4_train_mcc,mean_train_mcc,std_train_mcc,split0_test_auprc,split1_test_auprc,split2_test_auprc,split3_test_auprc,split4_test_auprc,mean_test_auprc,std_test_auprc,rank_test_auprc,split0_train_auprc,split1_train_auprc,split2_train_auprc,split3_train_auprc,split4_train_auprc,mean_train_auprc,std_train_auprc
0,0.5101881980895996,0.08313067518147117,0.007293415069580078,0.0005414850822358451,tanh,0.0001,True,"(10, 3)",constant,400,500,adam,"{'activation': 'tanh', 'alpha': 0.0001, 'early_stopping': True, 'hidden_layer_sizes': (10, 3), 'learning_rate': 'constant', 'max_iter': 400, 'random_state': 500, 'solver': 'adam'}",0.9108884745407345,0.874037506899728,0.8762099759739553,0.8897732996256952,0.876601429951421,0.8855021373983067,0.01385433902964606,11,0.9190890582541698,0.9284880398600025,0.8877298550558516,0.9263708113085946,0.8910349703102028,0.9105425469577643,0.017587393107994783,0.9771270936593931,0.9713194421684916,0.955923594450835,0.9483603952726916,0.9605048957039086,0.962647084251064,0.010380599531273375,13,0.9749905623125154,0.975682448655381,0.9643995696101163,0.9806067498462461,0.9633123202998557,0.9717983301448229,0.006776710130907809
1,0.5638778209686279,0.11632145723968233,0.007907724380493164,0.00030587591385121323,tanh,0.0001,True,"(10, 3)",adaptive,400,500,adam,"{'activation': 'tanh', 'alpha': 0.0001, 'early_stopping': True, 'hidden_layer_sizes': (10, 3), 'learning_rate': 'adaptive', 'max_iter': 400, 'random_state': 500, 'solver': 'adam'}",0.9108884745407345,0.874037506899728,0.8762099759739553,0.8897732996256952,0.876601429951421,0.8855021373983067,0.01385433902964606,11,0.9190890582541698,0.9284880398600025,0.8877298550558516,0.9263708113085946,0.8910349703102028,0.9105425469577643,0.017587393107994783,0.9771270936593931,0.9713194421684916,0.955923594450835,0.9483603952726916,0.9605048957039086,0.962647084251064,0.010380599531273375,13,0.9749905623125154,0.975682448655381,0.9643995696101163,0.9806067498462461,0.9633123202998557,0.9717983301448229,0.006776710130907809
2,0.6597597599029541,0.1295638570850714,0.008858919143676758,0.00048249964289933045,tanh,0.0001,True,"(30, 5)",constant,400,500,adam,"{'activation': 'tanh', 'alpha': 0.0001, 'early_stopping': True, 'hidden_layer_sizes': (30, 5), 'learning_rate': 'constant', 'max_iter': 400, 'random_state': 500, 'solver': 'adam'}",0.9014978717104176,0.8748162048452885,0.876632002179153,0.885574372495672,0.8726523402721161,0.8822345583005294,0.010587436968499588,21,0.9193759156225327,0.9273513462057303,0.9223941154073368,0.936305000169952,0.8813541996361101,0.9173561154083323,0.018892135128501682,0.9746388968965264,0.9721629438888076,0.9606625522961972,0.9508511111182649,0.9606476779634356,0.9637926364326465,0.008658806856583445,9,0.9744734344104358,0.9767970767187872,0.97907516824395,0.9830392490228668,0.9624072723892834,0.9751584401570647,0.006974160155636448
3,0.7152910709381104,0.09809313743761487,0.009457778930664063,8.749219930517571e-05,tanh,0.0001,True,"(30, 5)",adaptive,400,500,adam,"{'activation': 'tanh', 'alpha': 0.0001, 'early_stopping': True, 'hidden_layer_sizes': (30, 5), 'learning_rate': 'adaptive', 'max_iter': 400, 'random_state': 500, 'solver': 'adam'}",0.9014978717104176,0.8748162048452885,0.876632002179153,0.885574372495672,0.8726523402721161,0.8822345583005294,0.010587436968499588,21,0.9193759156225327,0.9273513462057303,0.9223941154073368,0.936305000169952,0.8813541996361101,0.9173561154083323,0.018892135128501682,0.9746388968965264,0.9721629438888076,0.9606625522961972,0.9508511111182649,0.9606476779634356,0.9637926364326465,0.008658806856583445,9,0.9744734344104358,0.9767970767187872,0.97907516824395,0.9830392490228668,0.9624072723892834,0.9751584401570647,0.006974160155636448
4,0.8445992469787598,0.0781875021306906,0.010570859909057618,0.0005902023990505665,tanh,0.0001,True,"(50, 10)",constant,400,500,adam,"{'activation': 'tanh', 'alpha': 0.0001, 'early_stopping': True, 'hidden_layer_sizes': (50, 10), 'learning_rate': 'constant', 'max_iter': 400, 'random_state': 500, 'solver': 'adam'}",0.9014978717104176,0.8670861001590534,0.8783536126307987,0.8847992784093408,0.8715902975897767,0.8806654320998775,0.012026471278227743,27,0.9405717646888929,0.9145909684035669,0.9365156807246132,0.912110959083351,0.9165702286537073,0.9240719203108263,0.011969297874207724,0.9763686623585879,0.9663490996378259,0.9528840186003301,0.9512654796732021,0.9698732585239096,0.963348103758771,0.009763252021971508,11,0.9812104146512959,0.9719156124846773,0.9855358905185044,0.9776715169176196,0.9763503256151923,0.9785367520374579,0.004593582317526921
5,0.9104690551757812,0.1332065736458039,0.011162090301513671,7.730696600177478e-05,tanh,0.0001,True,"(50, 10)",adaptive,400,500,adam,"{'activation': 'tanh', 'alpha': 0.0001, 'early_stopping': True, 'hidden_layer_sizes': (50, 10), 'learning_rate': 'adaptive', 'max_iter': 400, 'random_state': 500, 'solver': 'adam'}",0.9014978717104176,0.8670861001590534,0.8783536126307987,0.8847992784093408,0.8715902975897767,0.8806654320998775,0.012026471278227743,27,0.9405717646888929,0.9145909684035669,0.9365156807246132,0.912110959083351,0.9165702286537073,0.9240719203108263,0.011969297874207724,0.9763686623585879,0.9663490996378259,0.9528840186003301,0.9512654796732021,0.9698732585239096,0.963348103758771,0.009763252021971508,11,0.9812104146512959,0.9719156124846773,0.9855358905185044,0.9776715169176196,0.9763503256151923,0.9785367520374579,0.004593582317526921
6,1.648004913330078,0.5734642077351046,0.01425919532775879,0.0009233350620960444,tanh,0.0001,True,"(100,)",constant,400,500,adam,"{'activation': 'tanh', 'alpha': 0.0001, 'early_stopping': True, 'hidden_layer_sizes': (100,), 'learning_rate': 'constant', 'max_iter': 400, 'random_state': 500, 'solver': 'adam'}",0.886614458069291,0.8848771929251248,0.8670861001590534,0.8805842230384151,0.9055558148629184,0.8849435578109606,0.012373795264155019,15,0.9401384159149447,0.9652243696918327,0.9533099150344181,0.9083186497976031,0.9048880324117744,0.9343758765701147,0.024049308598501427,0.9774759891435837,0.968385267299165,0.9368002081049074,0.9500253432844011,0.971017057751833,0.9607407731167781,0.015047118410175852,21,0.9872887034465223,0.9939600285538621,0.9923972228103198,0.9777091393403088,0.9719623468247758,0.9846634881951577,0.008518333510260559
7,1.7175471782684326,0.5584416512385555,0.014849567413330078,0.00032707346911925884,tanh,0.0001,True,"(100,)",adaptive,400,500,adam,"{'activation': 'tanh', 'alpha': 0.0001, 'early_stopping': True, 'hidden_layer_sizes': (100,), 'learning_rate': 'adaptive', 'max_iter': 400, 'random_state': 500, 'solver': 'adam'}",0.886614458069291,0.8848771929251248,0.8670861001590534,0.8805842230384151,0.9055558148629184,0.8849435578109606,0.012373795264155019,15,0.9401384159149447,0.9652243696918327,0.9533099150344181,0.9083186497976031,0.9048880324117744,0.9343758765701147,0.024049308598501427,0.9774759891435837,0.968385267299165,0.9368002081049074,0.9500253432844011,0.971017057751833,0.9607407731167781,0.015047118410175852,21,0.9872887034465223,0.9939600285538621,0.9923972228103198,0.9777091393403088,0.9719623468247758,0.9846634881951577,0.008518333510260559
8,0.4769580841064453,0.10302432437677243,0.0072762489318847655,0.0007139584283895315,tanh,0.05,True,"(10, 3)",constant,400,500,adam,"{'activation': 'tanh', 'alpha': 0.05, 'early_stopping': True, 'hidden_layer_sizes': (10, 3), 'learning_rate': 'constant', 'max_iter': 400, 'random_state': 500, 'solver': 'adam'}",0.9108884745407345,0.864706145616101,0.8615626515599678,0.8897732996256952,0.876601429951421,0.880706400258784,0.01806935702336599,25,0.9190890582541698,0.9017721813412964,0.8863360585586502,0.9251527461528987,0.8910349703102028,0.9046770029234436,0.015217730987842883,0.9773410081269341,0.9634965861771476,0.9542399753290822,0.948574425293745,0.9603399437065203,0.9607983877266857,0.009732284071515794,19,0.9749252072283883,0.9662469974815227,0.961523843137805,0.9803801612363211,0.9632492277262703,0.9692650873620614,0.007222300463918295
9,0.4853336334228516,0.094619104203448,0.007173013687133789,0.0006915269529027373,tanh,0.05,True,"(10, 3)",adaptive,400,500,adam,"{'activation': 'tanh', 'alpha': 0.05, 'early_stopping': True, 'hidden_layer_sizes': (10, 3), 'learning_rate': 'adaptive', 'max_iter': 400, 'random_state': 500, 'solver': 'adam'}",0.9108884745407345,0.864706145616101,0.8615626515599678,0.8897732996256952,0.876601429951421,0.880706400258784,0.01806935702336599,25,0.9190890582541698,0.9017721813412964,0.8863360585586502,0.9251527461528987,0.8910349703102028,0.9046770029234436,0.015217730987842883,0.9773410081269341,0.9634965861771476,0.9542399753290822,0.948574425293745,0.9603399437065203,0.9607983877266857,0.009732284071515794,19,0.9749252072283883,0.9662469974815227,0.961523843137805,0.9803801612363211,0.9632492277262703,0.9692650873620614,0.007222300463918295
10,0.7061866760253906,0.10067889768919096,0.009267425537109375,0.0005025412486780197,tanh,0.05,True,"(30, 5)",constant,400,500,adam,"{'activation': 'tanh', 'alpha': 0.05, 'early_stopping': True, 'hidden_layer_sizes': (30, 5), 'learning_rate': 'constant', 'max_iter': 400, 'random_state': 500, 'solver': 'adam'}",0.9064359661429734,0.8748162048452885,0.876632002179153,0.885574372495672,0.9108657582588465,0.8908648607843868,0.015037407421049764,5,0.9181548953409822,0.9273513462057303,0.921171833365788,0.9419492438990469,0.9032790322338412,0.9223812702090777,0.012584337308018823,0.9746052469671378,0.9716817830673845,0.9601266099990801,0.9504936231470007,0.9700184820068524,0.9653851490374912,0.008894215609139413,1,0.9744711509207924,0.9768592650303894,0.9791217232071322,0.9844398454064421,0.9700275656069919,0.9769839100343496,0.0047933587382200235
11,0.6849911689758301,0.1282502341455579,0.009133529663085938,0.0006769914323935572,tanh,0.05,True,"(30, 5)",adaptive,400,500,adam,"{'activation': 'tanh', 'alpha': 0.05, 'early_stopping': True, 'hidden_layer_sizes': (30, 5), 'learning_rate': 'adaptive', 'max_iter': 400, 'random_state': 500, 'solver': 'adam'}",0.9064359661429734,0.8748162048452885,0.876632002179153,0.885574372495672,0.9108657582588465,0.8908648607843868,0.015037407421049764,5,0.9181548953409822,0.9273513462057303,0.921171833365788,0.9419492438990469,0.9032790322338412,0.9223812702090777,0.012584337308018823,0.9746052469671378,0.9716817830673845,0.9601266099990801,0.9504936231470007,0.9700184820068524,0.9653851490374912,0.008894215609139413,1,0.9744711509207924,0.9768592650303894,0.9791217232071322,0.9844398454064421,0.9700275656069919,0.9769839100343496,0.0047933587382200235
12,1.0217122554779052,0.16653208994650776,0.010843420028686523,0.000564811925132742,tanh,0.05,True,"(50, 10)",constant,400,500,adam,"{'activation': 'tanh', 'alpha': 0.05, 'early_stopping': True, 'hidden_layer_sizes': (50, 10), 'learning_rate': 'constant', 'max_iter': 400, 'random_state': 500, 'solver': 'adam'}",0.9014978717104176,0.864706145616101,0.881629424144093,0.8890587673196368,0.876601429951421,0.8826987277483338,0.012295620191459354,19,0.9418592988389223,0.9368779970549087,0.9442687942762221,0.9487570340875312,0.9165702286537073,0.9376666705822583,0.011223584094446227,0.9772088723914228,0.9698407626871246,0.9518725958521707,0.9517408032522299,0.9703160558590886,0.9641958180084073,0.010446544816718787,7,0.9814041334231487,0.9786194647410876,0.9873009882227106,0.9882714232675451,0.9764590755195489,0.9824110170348082,0.0046705774939664775
13,1.0113601684570312,0.08746121052150978,0.010906028747558593,0.0005135542480833266,tanh,0.05,True,"(50, 10)",adaptive,400,500,adam,"{'activation': 'tanh', 'alpha': 0.05, 'early_stopping': True, 'hidden_layer_sizes': (50, 10), 'learning_rate': 'adaptive', 'max_iter': 400, 'random_state': 500, 'solver': 'adam'}",0.9014978717104176,0.864706145616101,0.881629424144093,0.8890587673196368,0.876601429951421,0.8826987277483338,0.012295620191459354,19,0.9418592988389223,0.9368779970549087,0.9442687942762221,0.9487570340875312,0.9165702286537073,0.9376666705822583,0.011223584094446227,0.9772088723914228,0.9698407626871246,0.9518725958521707,0.9517408032522299,0.9703160558590886,0.9641958180084073,0.010446544816718787,7,0.9814041334231487,0.9786194647410876,0.9873009882227106,0.9882714232675451,0.9764590755195489,0.9824110170348082,0.0046705774939664775
14,1.7262040615081786,0.4985299263972885,0.014680624008178711,0.0010356895392328999,tanh,0.05,True,"(100,)",constant,400,500,adam,"{'activation': 'tanh', 'alpha': 0.05, 'early_stopping': True, 'hidden_layer_sizes': (100,), 'learning_rate': 'constant', 'max_iter': 400, 'random_state': 500, 'solver': 'adam'}",0.886614458069291,0.8807000221758604,0.8620436566990362,0.8722841037520029,0.9055558148629184,0.8814396111118217,0.01462151619217641,23,0.9354237244769483,0.9525121750578208,0.9496776126673162,0.9108828020599931,0.9036578927373538,0.9304308413998864,0.019909138624639826,0.9781380990728504,0.9711075770354485,0.9377069037450347,0.9510762740447665,0.9704077824230586,0.9616873272642318,0.014987131143850335,15,0.9872900172470027,0.9900311192942033,0.9925645239711689,0.9802451450802114,0.9718065644012847,0.9843874739987741,0.007517683299385015
15,1.7009827136993407,0.5218743053493168,0.014374208450317384,0.0005372241440121711,tanh,0.05,True,"(100,)",adaptive,400,500,adam,"{'activation': 'tanh', 'alpha': 0.05, 'early_stopping': True, 'hidden_layer_sizes': (100,), 'learning_rate': 'adaptive', 'max_iter': 400, 'random_state': 500, 'solver': 'adam'}",0.886614458069291,0.8807000221758604,0.8620436566990362,0.8722841037520029,0.9055558148629184,0.8814396111118217,0.01462151619217641,23,0.9354237244769483,0.9525121750578208,0.9496776126673162,0.9108828020599931,0.9036578927373538,0.9304308413998864,0.019909138624639826,0.9781380990728504,0.9711075770354485,0.9377069037450347,0.9510762740447665,0.9704077824230586,0.9616873272642318,0.014987131143850335,15,0.9872900172470027,0.9900311192942033,0.9925645239711689,0.9802451450802114,0.9718065644012847,0.9843874739987741,0.007517683299385015
16,0.26068859100341796,0.013112612179859122,0.007003355026245117,0.00042602138949499204,relu,0.0001,True,"(10, 3)",constant,400,500,adam,"{'activation': 'relu', 'alpha': 0.0001, 'early_stopping': True, 'hidden_layer_sizes': (10, 3), 'learning_rate': 'constant', 'max_iter': 400, 'random_state': 500, 'solver': 'adam'}",0.0,0.0,0.0,0.0,0.0,0.0,0.0,29,0.0,0.0,0.0,0.0,0.0,0.0,0.0,0.9218123139799839,0.9082894929910638,0.9042325065864865,0.8901867703853041,0.8723906015851844,0.8993823371056046,0.016846825613498494,29,0.8968971140003983,0.9004738331439499,0.8967430561573967,0.9075394243889207,0.9100826176059954,0.9023472090593323,0.005503003700391741
17,0.2546998023986816,0.01931043153464119,0.0070378780364990234,0.0007172698115263697,relu,0.0001,True,"(10, 3)",adaptive,400,500,adam,"{'activation': 'relu', 'alpha': 0.0001, 'early_stopping': True, 'hidden_layer_sizes': (10, 3), 'learning_rate': 'adaptive', 'max_iter': 400, 'random_state': 500, 'solver': 'adam'}",0.0,0.0,0.0,0.0,0.0,0.0,0.0,29,0.0,0.0,0.0,0.0,0.0,0.0,0.0,0.9218123139799839,0.9082894929910638,0.9042325065864865,0.8901867703853041,0.8723906015851844,0.8993823371056046,0.016846825613498494,29,0.8968971140003983,0.9004738331439499,0.8967430561573967,0.9075394243889207,0.9100826176059954,0.9023472090593323,0.005503003700391741
18,0.5769458770751953,0.044087433425256166,0.008398151397705078,0.0010051702932766195,relu,0.0001,True,"(30, 5)",constant,400,500,adam,"{'activation': 'relu', 'alpha': 0.0001, 'early_stopping': True, 'hidden_layer_sizes': (30, 5), 'learning_rate': 'constant', 'max_iter': 400, 'random_state': 500, 'solver': 'adam'}",0.8990798487256174,0.8848771929251248,0.8915873707619647,0.8890587673196368,0.8940668962290003,0.8917340151922687,0.004766509658090985,3,0.9172599145945818,0.931444683087437,0.921171833365788,0.9274027996692916,0.8988576688800461,0.9192273799194289,0.011302008066029252,0.9654470317600458,0.9642795883034208,0.9442322436130033,0.9327501873875494,0.9572709483095934,0.9527959998747224,0.012546864899559487,25,0.961907117094687,0.9682757533082132,0.9719273609203383,0.9692208336227249,0.9619862299607596,0.9666634589813446,0.0040335488376848925
19,0.6076281070709229,0.08770782024085966,0.008907604217529296,0.0005702484669767839,relu,0.0001,True,"(30, 5)",adaptive,400,500,adam,"{'activation': 'relu', 'alpha': 0.0001, 'early_stopping': True, 'hidden_layer_sizes': (30, 5), 'learning_rate': 'adaptive', 'max_iter': 400, 'random_state': 500, 'solver': 'adam'}",0.8990798487256174,0.8848771929251248,0.8915873707619647,0.8890587673196368,0.8940668962290003,0.8917340151922687,0.004766509658090985,3,0.9172599145945818,0.931444683087437,0.921171833365788,0.9274027996692916,0.8988576688800461,0.9192273799194289,0.011302008066029252,0.9654470317600458,0.9642795883034208,0.9442322436130033,0.9327501873875494,0.9572709483095934,0.9527959998747224,0.012546864899559487,25,0.961907117094687,0.9682757533082132,0.9719273609203383,0.9692208336227249,0.9619862299607596,0.9666634589813446,0.0040335488376848925
20,0.7344015598297119,0.0758021865053151,0.010065889358520508,0.000486646617837627,relu,0.0001,True,"(50, 10)",constant,400,500,adam,"{'activation': 'relu', 'alpha': 0.0001, 'early_stopping': True, 'hidden_layer_sizes': (50, 10), 'learning_rate': 'constant', 'max_iter': 400, 'random_state': 500, 'solver': 'adam'}",0.8970751816389152,0.883368868183355,0.876632002179153,0.8805842230384151,0.8883432038133757,0.8852006957706428,0.007056467871339457,13,0.9095890705118722,0.9310685900996819,0.9189857562532797,0.9100013261672744,0.8919448313374148,0.9123179148739047,0.012836850374260519,0.973878610485187,0.9709788016094528,0.9581532307268699,0.951969065656413,0.9661232840392281,0.9642205985034302,0.008117681020435936,5,0.9723363783001021,0.9796742468664801,0.9802157324124865,0.9793638583673983,0.9687059772284852,0.9760592386349904,0.00467322969684575
21,0.7440891742706299,0.05930528349788377,0.010013580322265625,0.0005579360517917644,relu,0.0001,True,"(50, 10)",adaptive,400,500,adam,"{'activation': 'relu', 'alpha': 0.0001, 'early_stopping': True, 'hidden_layer_sizes': (50, 10), 'learning_rate': 'adaptive', 'max_iter': 400, 'random_state': 500, 'solver': 'adam'}",0.8970751816389152,0.883368868183355,0.876632002179153,0.8805842230384151,0.8883432038133757,0.8852006957706428,0.007056467871339457,13,0.9095890705118722,0.9310685900996819,0.9189857562532797,0.9100013261672744,0.8919448313374148,0.9123179148739047,0.012836850374260519,0.973878610485187,0.9709788016094528,0.9581532307268699,0.951969065656413,0.9661232840392281,0.9642205985034302,0.008117681020435936,5,0.9723363783001021,0.9796742468664801,0.9802157324124865,0.9793638583673983,0.9687059772284852,0.9760592386349904,0.00467322969684575
22,1.716632890701294,0.6632037782996795,0.013077735900878906,0.0005839589718424496,relu,0.0001,True,"(100,)",constant,400,500,adam,"{'activation': 'relu', 'alpha': 0.0001, 'early_stopping': True, 'hidden_layer_sizes': (100,), 'learning_rate': 'constant', 'max_iter': 400, 'random_state': 500, 'solver': 'adam'}",0.9014978717104176,0.8771319504963574,0.8665988976268919,0.8897732996256952,0.9006326546013302,0.8871269348121384,0.013544235402830932,7,0.9444507443510468,0.9731622182174189,0.962569265446537,0.9026049221449798,0.9081821275907025,0.9381938555501371,0.028366782153578282,0.9772960332479849,0.9688934722492744,0.9249922892324332,0.9488079348015134,0.9713956328659853,0.9582770724794383,0.019204514071267623,23,0.9895355627904855,0.9964759200233568,0.9945448553723764,0.9760470931331463,0.9725780965873294,0.9858363055813388,0.00973995405453107
23,1.685542345046997,0.5603993258779039,0.01297464370727539,0.0006733095779199324,relu,0.0001,True,"(100,)",adaptive,400,500,adam,"{'activation': 'relu', 'alpha': 0.0001, 'early_stopping': True, 'hidden_layer_sizes': (100,), 'learning_rate': 'adaptive', 'max_iter': 400, 'random_state': 500, 'solver': 'adam'}",0.9014978717104176,0.8771319504963574,0.8665988976268919,0.8897732996256952,0.9006326546013302,0.8871269348121384,0.013544235402830932,7,0.9444507443510468,0.9731622182174189,0.962569265446537,0.9026049221449798,0.9081821275907025,0.9381938555501371,0.028366782153578282,0.9772960332479849,0.9688934722492744,0.9249922892324332,0.9488079348015134,0.9713956328659853,0.9582770724794383,0.019204514071267623,23,0.9895355627904855,0.9964759200233568,0.9945448553723764,0.9760470931331463,0.9725780965873294,0.9858363055813388,0.00973995405453107
24,0.26391010284423827,0.018804209685819764,0.007121086120605469,0.00046297305505755426,relu,0.05,True,"(10, 3)",constant,400,500,adam,"{'activation': 'relu', 'alpha': 0.05, 'early_stopping': True, 'hidden_layer_sizes': (10, 3), 'learning_rate': 'constant', 'max_iter': 400, 'random_state': 500, 'solver': 'adam'}",0.0,0.0,0.0,0.0,0.0,0.0,0.0,29,0.0,0.0,0.0,0.0,0.0,0.0,0.0,0.9217077127044812,0.9079672613565948,0.9041703635030658,0.8902385339694453,0.8723073367311831,0.899278241652954,0.01680273262633424,31,0.8969232306299474,0.9005433533842726,0.8967334216043513,0.9075231624180563,0.9101026508857816,0.9023651637844818,0.005497705087087318
25,0.26447138786315916,0.019246173997391106,0.007215356826782227,0.0004307348624789898,relu,0.05,True,"(10, 3)",adaptive,400,500,adam,"{'activation': 'relu', 'alpha': 0.05, 'early_stopping': True, 'hidden_layer_sizes': (10, 3), 'learning_rate': 'adaptive', 'max_iter': 400, 'random_state': 500, 'solver': 'adam'}",0.0,0.0,0.0,0.0,0.0,0.0,0.0,29,0.0,0.0,0.0,0.0,0.0,0.0,0.0,0.9217077127044812,0.9079672613565948,0.9041703635030658,0.8902385339694453,0.8723073367311831,0.899278241652954,0.01680273262633424,31,0.8969232306299474,0.9005433533842726,0.8967334216043513,0.9075231624180563,0.9101026508857816,0.9023651637844818,0.005497705087087318
26,0.7319849014282227,0.15544168881739184,0.008756923675537109,0.0005267645229874571,relu,0.05,True,"(30, 5)",constant,400,500,adam,"{'activation': 'relu', 'alpha': 0.05, 'early_stopping': True, 'hidden_layer_sizes': (30, 5), 'learning_rate': 'constant', 'max_iter': 400, 'random_state': 500, 'solver': 'adam'}",0.902031590750609,0.8898899354507389,0.8915873707619647,0.8940161856458733,0.8940668962290003,0.8943183957676372,0.004164558036116775,1,0.9426979291866951,0.9340896721922851,0.9236157540892374,0.9543376515644006,0.89974023867024,0.9308962491405716,0.01856167851738683,0.9538784077362453,0.9639648381656871,0.9445183881880423,0.9290079441451423,0.9568151416257966,0.9496369439721828,0.012054545496333334,27,0.9691104997960895,0.968900421583182,0.9729177528881832,0.976307078578415,0.9605686846353996,0.9695608874962538,0.005258867101764576
27,0.7572529315948486,0.17775239893564088,0.009169483184814453,0.00018489741875455756,relu,0.05,True,"(30, 5)",adaptive,400,500,adam,"{'activation': 'relu', 'alpha': 0.05, 'early_stopping': True, 'hidden_layer_sizes': (30, 5), 'learning_rate': 'adaptive', 'max_iter': 400, 'random_state': 500, 'solver': 'adam'}",0.902031590750609,0.8898899354507389,0.8915873707619647,0.8940161856458733,0.8940668962290003,0.8943183957676372,0.004164558036116775,1,0.9426979291866951,0.9340896721922851,0.9236157540892374,0.9543376515644006,0.89974023867024,0.9308962491405716,0.01856167851738683,0.9538784077362453,0.9639648381656871,0.9445183881880423,0.9290079441451423,0.9568151416257966,0.9496369439721828,0.012054545496333334,27,0.9691104997960895,0.968900421583182,0.9729177528881832,0.976307078578415,0.9605686846353996,0.9695608874962538,0.005258867101764576
28,0.752005672454834,0.11686062421364014,0.009797430038452149,0.0008299300753347853,relu,0.05,True,"(50, 10)",constant,400,500,adam,"{'activation': 'relu', 'alpha': 0.05, 'early_stopping': True, 'hidden_layer_sizes': (50, 10), 'learning_rate': 'constant', 'max_iter': 400, 'random_state': 500, 'solver': 'adam'}",0.8861779041992527,0.883368868183355,0.876632002179153,0.8805842230384151,0.8883432038133757,0.8830212402827102,0.0041272287228594495,17,0.915265693702944,0.9250873192839878,0.9200773415880689,0.9111106704077575,0.8930257510582933,0.9129133552082104,0.010989340925428656,0.9755915507985222,0.9706968305213389,0.9580470092635089,0.951976119931464,0.966243361720271,0.9645109744470209,0.008519983297377735,3,0.9805710290570511,0.9791481203238591,0.9801360909498272,0.9792887901394799,0.9685116537726756,0.9775311368485786,0.00454052389302361
29,0.7747076988220215,0.11308591673484232,0.009954547882080078,0.0005374146139059836,relu,0.05,True,"(50, 10)",adaptive,400,500,adam,"{'activation': 'relu', 'alpha': 0.05, 'early_stopping': True, 'hidden_layer_sizes': (50, 10), 'learning_rate': 'adaptive', 'max_iter': 400, 'random_state': 500, 'solver': 'adam'}",0.8861779041992527,0.883368868183355,0.876632002179153,0.8805842230384151,0.8883432038133757,0.8830212402827102,0.0041272287228594495,17,0.915265693702944,0.9250873192839878,0.9200773415880689,0.9111106704077575,0.8930257510582933,0.9129133552082104,0.010989340925428656,0.9755915507985222,0.9706968305213389,0.9580470092635089,0.951976119931464,0.966243361720271,0.9645109744470209,0.008519983297377735,3,0.9805710290570511,0.9791481203238591,0.9801360909498272,0.9792887901394799,0.9685116537726756,0.9775311368485786,0.00454052389302361
30,1.3047722816467284,0.3250914236392935,0.010839891433715821,0.0026936723413319204,relu,0.05,True,"(100,)",constant,400,500,adam,"{'activation': 'relu', 'alpha': 0.05, 'early_stopping': True, 'hidden_layer_sizes': (100,), 'learning_rate': 'constant', 'max_iter': 400, 'random_state': 500, 'solver': 'adam'}",0.8915873707619647,0.8821359145348061,0.8665988976268919,0.8890587673196368,0.9055558148629184,0.8869873530212435,0.012723712228209377,9,0.9094016770885358,0.9318074908925432,0.9519526596254587,0.9095476678824975,0.9130790391487743,0.9231577069275619,0.016613302666540975,0.9765752655772076,0.9727176859342714,0.9350478152907767,0.9504801335832258,0.9722498403386428,0.9614141481448248,0.01606099533826489,17,0.9757278387528172,0.9866614232324433,0.9929804041182944,0.9780777470230794,0.9739222412919977,0.9814739308837263,0.007223415514116093
31,1.1884613513946534,0.13677606497153755,0.008963680267333985,0.0021155387723369827,relu,0.05,True,"(100,)",adaptive,400,500,adam,"{'activation': 'relu', 'alpha': 0.05, 'early_stopping': True, 'hidden_layer_sizes': (100,), 'learning_rate': 'adaptive', 'max_iter': 400, 'random_state': 500, 'solver': 'adam'}",0.8915873707619647,0.8821359145348061,0.8665988976268919,0.8890587673196368,0.9055558148629184,0.8869873530212435,0.012723712228209377,9,0.9094016770885358,0.9318074908925432,0.9519526596254587,0.9095476678824975,0.9130790391487743,0.9231577069275619,0.016613302666540975,0.9765752655772076,0.9727176859342714,0.9350478152907767,0.9504801335832258,0.9722498403386428,0.9614141481448248,0.01606099533826489,17,0.9757278387528172,0.9866614232324433,0.9929804041182944,0.9780777470230794,0.9739222412919977,0.9814739308837263,0.007223415514116093
